{
  "project_info": {
    "project_number": "324835463721",
    "firebase_url": "https://mad-project-382ed-default-rtdb.firebaseio.com",
    "project_id": "mad-project-382ed",
    "storage_bucket": "mad-project-382ed.appspot.com"
  },
  "client": [
    {
      "client_info": {
        "mobilesdk_app_id": "1:324835463721:android:c2afc85a62c95e6bef4238",
        "android_client_info": {
          "package_name": "com.example.android.logindemo"
        }
      },
      "oauth_client": [
        {
          "client_id": "324835463721-dvl5kl9b75vk68cilinooqnfh31e71d0.apps.googleusercontent.com",
          "client_type": 1,
          "android_info": {
            "package_name": "com.example.android.logindemo",
            "certificate_hash": "1f67aa48fd68fa76911bfa48a7db42d9c34ff3a7"
          }
        },
        {
          "client_id": "324835463721-m641ai4lddb8v3pcme5b42uth1c7tkk0.apps.googleusercontent.com",
          "client_type": 3
        }
      ],
      "api_key": [
        {
          "current_key": "AIzaSyDYrjSyAaD9Vbt_bK7EHpZOSwk2UOY625Y"
        }
      ],
      "services": {
        "appinvite_service": {
          "other_platform_oauth_client": [
            {
              "client_id": "324835463721-m641ai4lddb8v3pcme5b42uth1c7tkk0.apps.googleusercontent.com",
              "client_type": 3
            }
          ]
        }
      }
    }
  ],
  "configuration_version": "1"
}